{"bbox": {"AP": 0.0, "AP50": 0.0, "AP75": 0.0, "APs": 0.0, "APm": NaN, "APl": NaN}, "_step": 9, "_runtime": 563, "_timestamp": 1633964901, "Img/sat.png": {"_type": "image-file", "path": "media/images/Img/sat.png_1_ccdbd78e.png", "sha256": "ccdbd78e110421cc7e90d0066feb540a7bb89f50fcf9fd023c49b901453097fb", "size": 123899, "format": "png", "width": 864, "height": 432}, "Img/thresh-2.png": {"_type": "image-file", "path": "media/images/Img/thresh-2.png_2_92f3cfdc.png", "sha256": "92f3cfdc67cc25def9a0f53da4868e9b75c875565b00cbce340c766c1b7ac362", "size": 105571, "format": "png", "width": 864, "height": 432}, "Img/img1.png": {"_type": "image-file", "path": "media/images/Img/img1.png_3_1d2d1ace.png", "sha256": "1d2d1acecf4377054c15693b4171af2b4b7f3d8bd2e7ec5b8edb54ba37822129", "size": 161513, "format": "png", "width": 864, "height": 432}, "Img/img.png": {"_type": "image-file", "path": "media/images/Img/img.png_4_387f78be.png", "sha256": "387f78be041d636ad7b3281659d072098d979da021700e6c96494bffe48ce521", "size": 138919, "format": "png", "width": 864, "height": 432}, "Img/hsv.png": {"_type": "image-file", "path": "media/images/Img/hsv.png_5_4e1932e1.png", "sha256": "4e1932e15cf5c02ff97099f8339b401b37cb795fe5e2beffe50e67d35a385d8e", "size": 183439, "format": "png", "width": 864, "height": 432}, "Img/img0.png": {"_type": "image-file", "path": "media/images/Img/img0.png_6_6bedd3af.png", "sha256": "6bedd3af78740d97830f42684732978f3a1e0c6607c9d5537ca99a8d53439126", "size": 149280, "format": "png", "width": 864, "height": 432}, "Img/thresh.png": {"_type": "image-file", "path": "media/images/Img/thresh.png_7_429090e7.png", "sha256": "429090e7760262c753a93fe241e6ec1770d5456d51a990cb8992477677866cbb", "size": 107615, "format": "png", "width": 864, "height": 432}, "Img/gray.png": {"_type": "image-file", "path": "media/images/Img/gray.png_8_e562e520.png", "sha256": "e562e520c5f504e52edfc82cc8346316dfb356ac90522988b93fedf9bd442890", "size": 63328, "format": "png", "width": 864, "height": 432}, "Img/img2.png": {"_type": "image-file", "path": "media/images/Img/img2.png_9_87f15314.png", "sha256": "87f15314470e11a51231b72b95607fdb53fc19c5219883de37d97cacffb1e28f", "size": 129684, "format": "png", "width": 864, "height": 432}}