{"bbox": {"AP": 0.0, "AP50": 0.0, "AP75": 0.0, "APs": 0.0, "APm": NaN, "APl": NaN}, "_step": 11, "_runtime": 1554, "_timestamp": 1634039749, "Img/sat.png": {"_type": "image-file", "path": "media/images/Img/sat.png_3_3539de3d.png", "sha256": "3539de3dbcc070b0f89dbe8916e4c4a2f44b01d7649db98bb6d69c509b0c2590", "size": 96460, "format": "png", "width": 864, "height": 432}, "Img/thresh-2.png": {"_type": "image-file", "path": "media/images/Img/thresh-2.png_4_73189feb.png", "sha256": "73189feba438d442eba5ea96775b611e6c51cff5371af9467a2fb0649feb4933", "size": 95631, "format": "png", "width": 864, "height": 432}, "Img/img1.png": {"_type": "image-file", "path": "media/images/Img/img1.png_5_f904831c.png", "sha256": "f904831cb2ae7f0d555e27040716298a0f1d4a98ad8679fcabf122073b71f1f5", "size": 137765, "format": "png", "width": 864, "height": 432}, "Img/img.png": {"_type": "image-file", "path": "media/images/Img/img.png_6_9c8cf7a4.png", "sha256": "9c8cf7a42379ace55f4c380d7ab2da4e3275542c97818d42908609e56c6497fe", "size": 125895, "format": "png", "width": 864, "height": 432}, "Img/hsv.png": {"_type": "image-file", "path": "media/images/Img/hsv.png_7_e0d08369.png", "sha256": "e0d0836986a59a8f43d863d0ecb391def03ce9127b30374079ff58d1f17dfd20", "size": 162378, "format": "png", "width": 864, "height": 432}, "Img/img0.png": {"_type": "image-file", "path": "media/images/Img/img0.png_8_0bf1174a.png", "sha256": "0bf1174a0bcd1b2b89b61f1c6da664e0ba82133b9031a5e34059d6a96630acff", "size": 122680, "format": "png", "width": 864, "height": 432}, "Img/thresh.png": {"_type": "image-file", "path": "media/images/Img/thresh.png_9_37f90f35.png", "sha256": "37f90f35d9195e50f118e3734c29b5c29864d0ead7dd3b7366726b4950abf5e7", "size": 101726, "format": "png", "width": 864, "height": 432}, "Img/gray.png": {"_type": "image-file", "path": "media/images/Img/gray.png_10_a59a473b.png", "sha256": "a59a473b96b9c3203b5b1972ff3c2cb9f6d264db9fae717c67fb55fc72c16616", "size": 11816, "format": "png", "width": 864, "height": 432}, "Img/img2.png": {"_type": "image-file", "path": "media/images/Img/img2.png_11_7c5dfdae.png", "sha256": "7c5dfdae8f3c226ab80b72223af717b84c71c3bb32fbefa5302d4e96e9c4e68f", "size": 104140, "format": "png", "width": 864, "height": 432}}