{"bbox": {"AP": 0.0, "AP50": 0.0, "AP75": 0.0, "APs": 0.0, "APm": NaN, "APl": NaN}, "_step": 11, "_runtime": 1584, "_timestamp": 1634035855, "Img/sat.png": {"_type": "image-file", "path": "media/images/Img/sat.png_3_63d8d5e0.png", "sha256": "63d8d5e0067ccdbb010bd52b6df601995d299f1f9ef33698068c05d300cd23cb", "size": 96486, "format": "png", "width": 864, "height": 432}, "Img/thresh-2.png": {"_type": "image-file", "path": "media/images/Img/thresh-2.png_4_09a39af6.png", "sha256": "09a39af660754c6c14585b9f594c22a97994ea7431149350064b96ef3b2c2e6f", "size": 95608, "format": "png", "width": 864, "height": 432}, "Img/img1.png": {"_type": "image-file", "path": "media/images/Img/img1.png_5_e77321fb.png", "sha256": "e77321fbaad95dd7e532d0d24b29e3a79b523f2524c56573320c6b782d806965", "size": 137749, "format": "png", "width": 864, "height": 432}, "Img/img.png": {"_type": "image-file", "path": "media/images/Img/img.png_6_5dfffdee.png", "sha256": "5dfffdee5a27e4daf93fcfe79d65b7d766ab37e5404079760675bdccb4e76338", "size": 125884, "format": "png", "width": 864, "height": 432}, "Img/hsv.png": {"_type": "image-file", "path": "media/images/Img/hsv.png_7_d71e3ab9.png", "sha256": "d71e3ab9c2d3205fb876093263f6b2170f5e4f404a3cc20b1f48bc2ccf767b01", "size": 162414, "format": "png", "width": 864, "height": 432}, "Img/img0.png": {"_type": "image-file", "path": "media/images/Img/img0.png_8_06906000.png", "sha256": "0690600030707294c6fbaad86000e9084f345cf12ab877831339b53585e5f3a5", "size": 122661, "format": "png", "width": 864, "height": 432}, "Img/thresh.png": {"_type": "image-file", "path": "media/images/Img/thresh.png_9_dd455e72.png", "sha256": "dd455e72eb597fb7ea4cf4b1a080237592adb3d40353404a67043c150ca5d7ee", "size": 101725, "format": "png", "width": 864, "height": 432}, "Img/gray.png": {"_type": "image-file", "path": "media/images/Img/gray.png_10_5d772d46.png", "sha256": "5d772d46a805039a049c41de0c835a1ef600715755cc8263f41490cdfc4a0202", "size": 11794, "format": "png", "width": 864, "height": 432}, "Img/img2.png": {"_type": "image-file", "path": "media/images/Img/img2.png_11_9dbbd751.png", "sha256": "9dbbd7513c4d8376702eb392d471d5faa2730e7e5645d579b8d0f721a28143dd", "size": 104100, "format": "png", "width": 864, "height": 432}}