{"bbox": {"AP": 0.0, "AP50": 0.0, "AP75": 0.0, "APs": 0.0, "APm": NaN, "APl": NaN}, "_step": 11, "_runtime": 1585, "_timestamp": 1633976229, "Img/sat.png": {"_type": "image-file", "path": "media/images/Img/sat.png_3_d819491f.png", "sha256": "d819491fb45505239020cb03783571221a8f80090a53f9daae84138dcca36477", "size": 96456, "format": "png", "width": 864, "height": 432}, "Img/thresh-2.png": {"_type": "image-file", "path": "media/images/Img/thresh-2.png_4_c1737d75.png", "sha256": "c1737d75b091326c35ebc47db33958f1bd7a0cc33bd54042135a45c14679bb91", "size": 95619, "format": "png", "width": 864, "height": 432}, "Img/img1.png": {"_type": "image-file", "path": "media/images/Img/img1.png_5_f49b02c1.png", "sha256": "f49b02c1a62d6a91db42a363b0652d765eb4e79d8f46cf679008c6580139abe5", "size": 137724, "format": "png", "width": 864, "height": 432}, "Img/img.png": {"_type": "image-file", "path": "media/images/Img/img.png_6_66b21cc6.png", "sha256": "66b21cc6245e06f330b9f3ab09c9f26c9a21f6aefef313136cc15138c957ffe9", "size": 125862, "format": "png", "width": 864, "height": 432}, "Img/hsv.png": {"_type": "image-file", "path": "media/images/Img/hsv.png_7_0d4ae25a.png", "sha256": "0d4ae25ada4d07ed3d086109cc3243ea04d7b0e4b85bf4d92da14b80eb30c41f", "size": 162365, "format": "png", "width": 864, "height": 432}, "Img/img0.png": {"_type": "image-file", "path": "media/images/Img/img0.png_8_6fcadb51.png", "sha256": "6fcadb51d340aad7816acca4b783f9394932107bba79b09f0b302adbb16a365a", "size": 122632, "format": "png", "width": 864, "height": 432}, "Img/thresh.png": {"_type": "image-file", "path": "media/images/Img/thresh.png_9_2aa61ffa.png", "sha256": "2aa61ffa7f3d5de970f81a9cc9dc878fad311c9f5095c149015e167b29f45123", "size": 101704, "format": "png", "width": 864, "height": 432}, "Img/gray.png": {"_type": "image-file", "path": "media/images/Img/gray.png_10_b38616ec.png", "sha256": "b38616ec14aba6f7846963410d8fc4b66cd500e1fb6d8988267fdca3ff9712bb", "size": 11796, "format": "png", "width": 864, "height": 432}, "Img/img2.png": {"_type": "image-file", "path": "media/images/Img/img2.png_11_867b9596.png", "sha256": "867b9596d4066d136d4a4959331c8058275420bb3eec236303c4cf876b63fbe8", "size": 104094, "format": "png", "width": 864, "height": 432}}