{"bbox": {"AP": 0.0, "AP50": 0.0, "AP75": 0.0, "APs": 0.0, "APm": NaN, "APl": NaN}, "_step": 10, "_runtime": 723, "_timestamp": 1633971380, "Img/sat.png": {"_type": "image-file", "path": "media/images/Img/sat.png_2_1ddc2cb3.png", "sha256": "1ddc2cb3ef415c62e235ff5952fe0a063543b2db6f55ecc22f38d3eeca95f1d4", "size": 96455, "format": "png", "width": 864, "height": 432}, "Img/thresh-2.png": {"_type": "image-file", "path": "media/images/Img/thresh-2.png_3_7feb0362.png", "sha256": "7feb0362d068fef8eb1371f9c59605c04ccd71eecc38c609561efcb25a05dc62", "size": 95568, "format": "png", "width": 864, "height": 432}, "Img/img1.png": {"_type": "image-file", "path": "media/images/Img/img1.png_4_2519a082.png", "sha256": "2519a082c1813b6a4c29fbcc8df33cfc78341c96bd6f4afb170ce5ee98a3ccf7", "size": 137792, "format": "png", "width": 864, "height": 432}, "Img/img.png": {"_type": "image-file", "path": "media/images/Img/img.png_5_66ec292f.png", "sha256": "66ec292f4c053ce59b9affe34db1779d507713d36b4b0407530ed01f95b25b7a", "size": 125876, "format": "png", "width": 864, "height": 432}, "Img/hsv.png": {"_type": "image-file", "path": "media/images/Img/hsv.png_6_ee1759eb.png", "sha256": "ee1759eb252a45395cb3bc815147532d5d0a81963027c977e3d3812d8256baf8", "size": 162379, "format": "png", "width": 864, "height": 432}, "Img/img0.png": {"_type": "image-file", "path": "media/images/Img/img0.png_7_ead805d3.png", "sha256": "ead805d3a40396f855a50845907288f7a8cdf5223f9a9ca90472a77ecab3ca0f", "size": 122758, "format": "png", "width": 864, "height": 432}, "Img/thresh.png": {"_type": "image-file", "path": "media/images/Img/thresh.png_8_0526b6b7.png", "sha256": "0526b6b780d1d0260d11227e61f53c43bdac47e217d9c9dd0e67c5ce8a8700c5", "size": 101800, "format": "png", "width": 864, "height": 432}, "Img/gray.png": {"_type": "image-file", "path": "media/images/Img/gray.png_9_cce97b33.png", "sha256": "cce97b33fa2c4ab4497b5299085315579b24156da9d6872a08fbbe51f265953b", "size": 11779, "format": "png", "width": 864, "height": 432}, "Img/img2.png": {"_type": "image-file", "path": "media/images/Img/img2.png_10_8ab822bd.png", "sha256": "8ab822bd612e0cd170117365b576621736386c8f0b5c0fa85a8c5421934da354", "size": 104210, "format": "png", "width": 864, "height": 432}}