{"bbox": {"AP": 0.0, "AP50": 0.0, "AP75": 0.0, "APs": 0.0, "APm": NaN, "APl": NaN}, "_step": 10, "_runtime": 675, "_timestamp": 1633973908, "Img/sat.png": {"_type": "image-file", "path": "media/images/Img/sat.png_2_e120ed56.png", "sha256": "e120ed569f382a32f183761d734aa0105ed2467116abccbad0ef6d89832ea582", "size": 96404, "format": "png", "width": 864, "height": 432}, "Img/thresh-2.png": {"_type": "image-file", "path": "media/images/Img/thresh-2.png_3_7b12250c.png", "sha256": "7b12250cf7ac2d7e599cee5cb412d8c9a8768779a97597fb766cff66c3c24e92", "size": 95581, "format": "png", "width": 864, "height": 432}, "Img/img1.png": {"_type": "image-file", "path": "media/images/Img/img1.png_4_3cfaeeda.png", "sha256": "3cfaeedad8bfddfa5d09a8d25684c38a555db77e094583d5001b104cafa1ba57", "size": 137824, "format": "png", "width": 864, "height": 432}, "Img/img.png": {"_type": "image-file", "path": "media/images/Img/img.png_5_7ad6e66c.png", "sha256": "7ad6e66cc904cc54ee405f1910bf4c7d3b997c385e1dce80b23cb241354221ae", "size": 125877, "format": "png", "width": 864, "height": 432}, "Img/hsv.png": {"_type": "image-file", "path": "media/images/Img/hsv.png_6_71ff29b3.png", "sha256": "71ff29b35a901f26fa4b77390ab490dda225e302d837e9a82e86e6e0b014da6f", "size": 162391, "format": "png", "width": 864, "height": 432}, "Img/img0.png": {"_type": "image-file", "path": "media/images/Img/img0.png_7_8c78cca8.png", "sha256": "8c78cca85c511904a011ffb423c81f1f6a7f9165ab437aee2141afcab9066859", "size": 122762, "format": "png", "width": 864, "height": 432}, "Img/thresh.png": {"_type": "image-file", "path": "media/images/Img/thresh.png_8_7a11b0e0.png", "sha256": "7a11b0e0de36fb31b71ec98ad0827bddc58765beb8765880472bdb9eb93d6e0f", "size": 101741, "format": "png", "width": 864, "height": 432}, "Img/gray.png": {"_type": "image-file", "path": "media/images/Img/gray.png_9_fa756636.png", "sha256": "fa7566361a33bcc0477de780236c610fd738e2bfb8b458fbba8a36a91e53dd47", "size": 11692, "format": "png", "width": 864, "height": 432}, "Img/img2.png": {"_type": "image-file", "path": "media/images/Img/img2.png_10_3a96feb3.png", "sha256": "3a96feb36447733e10579bb485a8c07036d9ef0a333368d679ba763d3895d803", "size": 104151, "format": "png", "width": 864, "height": 432}}