{"Img/[[[124 124 124]\n  [124 124 124]\n  [124 124 124]\n  ...\n  [ 85  85  85]\n  [ 85  85  85]\n  [ 85  85  85]]\n\n [[123 123 123]\n  [123 123 123]\n  [124 124 124]\n  ...\n  [ 85  85  85]\n  [ 85  85  85]\n  [ 85  85  85]]\n\n [[121 121 121]\n  [121 121 121]\n  [123 123 123]\n  ...\n  [ 85  85  85]\n  [ 85  85  85]\n  [ 85  85  85]]\n\n ...\n\n [[ 87  87  87]\n  [ 87  87  87]\n  [ 87  87  87]\n  ...\n  [ 59  59  59]\n  [ 60  60  60]\n  [ 64  64  64]]\n\n [[ 80  80  80]\n  [ 80  80  80]\n  [ 82  82  82]\n  ...\n  [ 59  59  59]\n  [ 59  59  59]\n  [ 60  60  60]]\n\n [[ 76  76  76]\n  [ 76  76  76]\n  [ 77  77  77]\n  ...\n  [ 59  59  59]\n  [ 59  59  59]\n  [ 59  59  59]]]": {"_type": "image-file", "path": "../../../../../../../../../../../../tmp/tmpldny0qmlwandb-media/17jr6gaj.png", "sha256": "6c5929642807bec9fa21b3d79708ef298a501c4df852b4dd3d39f9d4bb314b76", "size": 1935430, "format": "png", "width": 2000, "height": 2000}, "_step": 2, "_runtime": 336, "_timestamp": 1633926873}