{
    "os": "Linux-5.11.0-37-generic-x86_64-with-glibc2.17",
    "python": "3.8.11",
    "heartbeatAt": "2021-10-11T04:37:49.390249",
    "startedAt": "2021-10-11T04:37:48.839218",
    "docker": null,
    "gpu": "GeForce RTX 3060",
    "gpu_count": 1,
    "cpu_count": 6,
    "cuda": null,
    "args": [
        "-f",
        "/home/indika/.local/share/jupyter/runtime/kernel-2d97f05e-1ccb-46a0-ae41-afa808490b08.json"
    ],
    "state": "running",
    "program": "default-221f9f4e-57f8-40be-a59a-70eae4b11fa6.ipynb",
    "root": "/home/indika/Programming/Projects/Python/Artifical-Intelligence/PyTorch/Object-Detection",
    "git": {
        "remote": "https://github.com/Programmer-RD-AI/Car-Object-Detection-V1-learning-object-detection-detectron2.git",
        "commit": "70a84473f9cfeb0819cc84efa72dd2354253cf33"
    },
    "email": "aigithub@gmail.com",
    "host": "programmer-rd-ai",
    "username": "indika",
    "executable": "/home/indika/anaconda3/envs/myenv/bin/python"
}
