{
    "os": "Linux-5.11.0-37-generic-x86_64-with-glibc2.17",
    "python": "3.8.11",
    "heartbeatAt": "2021-10-11T05:41:56.480566",
    "startedAt": "2021-10-11T05:41:51.164179",
    "docker": null,
    "gpu": "GeForce RTX 3060",
    "gpu_count": 1,
    "cpu_count": 6,
    "cuda": null,
    "args": [],
    "state": "running",
    "program": "<python with no main file>",
    "git": {
        "remote": "https://github.com/Programmer-RD-AI/Car-Object-Detection-V1-learning-object-detection-detectron2.git",
        "commit": "70a84473f9cfeb0819cc84efa72dd2354253cf33"
    },
    "email": "aigithub@gmail.com",
    "root": "/home/indika/Programming/Projects/Python/Artifical-Intelligence/PyTorch/Object-Detection",
    "host": "programmer-rd-ai",
    "username": "indika",
    "executable": "/home/indika/anaconda3/envs/myenv/bin/python"
}
