{"bbox": {"AP": 0.0, "AP50": 0.0, "AP75": 0.0, "APs": 0.0, "APm": NaN, "APl": NaN}, "_step": 10, "_runtime": 766, "_timestamp": 1633966143, "Img/sat.png": {"_type": "image-file", "path": "media/images/Img/sat.png_2_af0a7931.png", "sha256": "af0a79312f5ab8517f245e65be2203b837f167164fc72de01b321c1261eb76c8", "size": 96413, "format": "png", "width": 864, "height": 432}, "Img/thresh-2.png": {"_type": "image-file", "path": "media/images/Img/thresh-2.png_3_38d2bc59.png", "sha256": "38d2bc59e60dec2f5738ad2a1d0eead2a5f3f8dc7c7485c3032eb79b0eea0366", "size": 95554, "format": "png", "width": 864, "height": 432}, "Img/img1.png": {"_type": "image-file", "path": "media/images/Img/img1.png_4_225c9e82.png", "sha256": "225c9e82773af49f43b04727e08fa0f3a6ee891e5dcc66ad71069771315cc6ba", "size": 137720, "format": "png", "width": 864, "height": 432}, "Img/img.png": {"_type": "image-file", "path": "media/images/Img/img.png_5_43257ae8.png", "sha256": "43257ae89e07c1f5a255542a8738747c09b10f0a8ba3bd9ae895dc4a9e7ab3bd", "size": 125881, "format": "png", "width": 864, "height": 432}, "Img/hsv.png": {"_type": "image-file", "path": "media/images/Img/hsv.png_6_8907175c.png", "sha256": "8907175cf7f08c162e8179993c55d15c2f6857ce8da1e5c3fae88774fe0910ff", "size": 162358, "format": "png", "width": 864, "height": 432}, "Img/img0.png": {"_type": "image-file", "path": "media/images/Img/img0.png_7_781a906b.png", "sha256": "781a906b1b9a4eced21e367bc74f62c7965cb7ca2128732afc49d3d9c5b95d05", "size": 122778, "format": "png", "width": 864, "height": 432}, "Img/thresh.png": {"_type": "image-file", "path": "media/images/Img/thresh.png_8_e9a1176d.png", "sha256": "e9a1176d86d41c1943e0fba6e2fc225dc138271a367d213950746891ea5944c5", "size": 101736, "format": "png", "width": 864, "height": 432}, "Img/gray.png": {"_type": "image-file", "path": "media/images/Img/gray.png_9_57830f1d.png", "sha256": "57830f1d2dfb53794e6091b3ba17e8fcd9a6a14c222279e99d198af008654a2f", "size": 11664, "format": "png", "width": 864, "height": 432}, "Img/img2.png": {"_type": "image-file", "path": "media/images/Img/img2.png_10_027eb8cd.png", "sha256": "027eb8cd90efb3bf75402ccd23845f84f858cac26c79a813091ccfda24248fdf", "size": 104137, "format": "png", "width": 864, "height": 432}}